StudentID,FirstName,LastName,GradeLevel,Math,Science,English,History,ComputerScience,AttendancePercentage,ExtracurricularActivities,StudyHoursPerWeek,FinalAverage,PerformanceCategory
S001,James,Smith,9,100,80,80,87,79,94.6,2,13,85.2,Good
S002,Evelyn,Allen,11,60,86,94,92,77,100.0,2,12,81.8,Good
S003,Elijah,Phillips,9,90,82,94,93,75,100.0,0,13,86.8,Good
S004,Henry,Wilson,10,82,75,86,74,86,100.0,1,7,80.6,Good
S005,Alexander,Lee,10,100,84,89,85,81,95.9,1,14,87.8,Good
S006,Olivia,Gonzalez,10,100,93,75,100,92,99.4,0,5,92.0,Excellent
S007,Elijah,Phillips,11,89,75,97,97,90,90.8,2,7,89.6,Good
S008,Liam,Nelson,10,69,75,76,80,76,97.9,5,11,75.2,Average
S009,James,Chen,11,79,74,78,79,86,94.2,1,5,79.2,Average
S010,Luna,Lewis,11,80,66,86,79,81,84.7,2,12,78.4,Average
S011,Ethan,Perez,11,72,80,96,94,75,87.1,1,8,83.4,Good
S012,Noah,Allen,11,97,92,96,100,92,91.7,0,13,95.4,Excellent
S013,Alexander,Green,11,70,87,85,91,84,97.1,1,9,83.4,Good
S014,Alexander,Lee,10,100,83,93,87,81,91.7,0,6,88.8,Good
S015,Ella,Gonzalez,10,100,86,68,81,76,92.0,0,12,82.2,Good
S016,Liam,Mitchell,12,81,80,78,88,75,98.8,2,6,80.4,Good
S017,Sophia,Phillips,11,88,66,78,77,100,92.2,3,9,81.8,Good
S018,Olivia,Hall,9,84,93,98,66,88,100.0,1,3,85.8,Good
S019,Ella,Turner,10,94,96,92,100,74,100.0,1,11,91.2,Excellent
S020,Michael,Lee,10,98,78,87,75,88,95.1,3,12,85.2,Good
S021,Aria,Young,12,88,83,88,82,96,98.8,3,8,87.4,Good
S022,Liam,King,9,90,83,100,92,87,98.1,2,18,90.4,Excellent
S023,Emma,Campbell,9,79,89,83,99,99,93.8,0,14,89.8,Good
S024,Ella,Hall,10,89,100,72,88,70,99.3,4,12,83.8,Good
S025,Charlotte,Campbell,10,87,97,96,73,65,100.0,0,12,83.6,Good
S026,Avery,Adams,12,76,81,87,82,88,90.2,2,6,82.8,Good
S027,Ava,Lee,9,85,90,95,78,88,95.8,0,11,87.2,Good
S028,Emma,Lewis,12,81,98,85,85,52,95.7,2,6,80.2,Good
S029,Mila,Allen,9,79,89,77,97,79,99.2,0,5,84.2,Good
S030,Liam,Perez,12,74,85,89,60,75,92.8,1,20,76.6,Average
S031,John,Perez,9,86,89,85,81,71,92.0,1,11,82.4,Good
S032,Charlotte,Allen,9,77,78,87,80,75,95.8,0,9,79.4,Average
S033,Luna,Baker,11,80,79,100,72,91,100.0,2,7,84.4,Good
S034,Aria,Wilson,12,96,74,74,91,75,89.0,3,11,82.0,Good
S035,Elijah,Martinez,12,91,88,88,71,75,89.9,5,2,82.6,Good
S036,Charlotte,Smith,11,75,84,77,72,69,92.4,0,4,75.4,Average
S037,Logan,Campbell,12,89,77,59,94,98,93.3,2,1,83.4,Good
S038,Thomas,Campbell,9,86,83,85,100,89,86.2,2,9,88.6,Good
S039,Mason,Lee,12,100,90,85,84,60,100.0,1,11,83.8,Good
S040,Mason,Nelson,10,99,100,91,73,75,94.3,0,3,87.6,Good
S041,Isabella,Perez,11,70,95,83,78,90,93.6,2,12,83.2,Good
S042,Mila,Clark,12,94,62,70,95,98,100.0,4,6,83.8,Good
S043,Mila,Gonzalez,11,98,87,77,86,93,98.6,2,12,88.2,Good
S044,Mia,Lee,11,91,99,98,84,81,92.3,1,20,90.6,Excellent
S045,Henry,Martinez,10,82,72,77,88,66,95.8,1,12,77.0,Average
S046,Avery,Johnson,12,100,91,100,85,94,94.8,0,14,94.0,Excellent
S047,Avery,Adams,9,92,83,95,100,82,100.0,2,18,90.4,Excellent
S048,Henry,Clark,12,100,97,82,78,86,94.2,2,9,88.6,Good
S049,Avery,Perez,11,99,89,78,76,83,87.8,0,12,85.0,Good
S050,Ethan,Green,9,90,76,95,71,71,85.6,3,14,80.6,Good
S051,Charlotte,Perez,11,79,83,83,80,89,100.0,0,8,82.8,Good
S052,Noah,Smith,11,85,84,70,74,87,91.1,5,7,80.0,Good
S053,Evelyn,Carter,11,83,84,91,87,81,98.4,1,18,85.2,Good
S054,Logan,Lee,12,73,96,89,85,90,95.4,0,12,86.6,Good
S055,Michael,Walker,9,92,77,96,74,71,92.9,1,6,82.0,Good
S056,William,Martinez,11,100,95,88,91,82,93.7,1,9,91.2,Excellent
S057,Ethan,Allen,12,82,82,80,100,85,100.0,0,13,85.8,Good
S058,James,Carter,10,100,87,98,89,68,87.8,1,10,88.4,Good
S059,Liam,Allen,11,69,86,99,60,84,93.1,1,11,79.6,Average
S060,Lucas,Nelson,10,96,85,87,100,92,99.5,2,13,92.0,Excellent
S061,James,Johnson,10,100,85,86,92,82,88.6,0,11,89.0,Good
S062,Harper,King,11,83,100,72,100,85,100.0,1,10,88.0,Good
S063,Sophia,Turner,11,83,93,79,96,91,99.5,0,13,88.4,Good
S064,Logan,Roberts,9,95,81,93,98,81,96.4,2,12,89.6,Good
S065,Mila,Adams,11,90,100,79,87,82,92.5,0,11,87.6,Good
S066,Amelia,Carter,9,65,88,70,82,73,87.9,4,8,75.6,Average
S067,Harper,Lewis,9,77,89,100,89,85,98.5,2,8,88.0,Good
S068,Luna,Scott,9,85,77,70,78,82,100.0,1,19,78.4,Average
S069,Lucas,Chen,9,71,80,100,89,90,95.7,1,5,86.0,Good
S070,Luna,Turner,10,80,78,82,59,91,85.9,0,7,78.0,Average
S071,Liam,Smith,11,72,86,84,85,93,97.3,0,9,84.0,Good
S072,Emma,Smith,12,81,91,78,98,80,99.3,3,14,85.6,Good
S073,Evelyn,Phillips,9,82,89,93,86,63,90.4,4,5,82.6,Good
S074,Mila,Green,12,89,100,71,100,92,91.8,0,7,90.4,Excellent
S075,Henry,Harris,11,84,76,67,82,89,91.3,1,3,79.6,Average
S076,Mila,Lee,10,90,86,100,95,79,92.3,2,12,90.0,Excellent
S077,James,Lewis,12,89,72,77,76,91,94.1,2,6,81.0,Good
S078,Charlotte,Chen,12,95,76,92,95,71,90.7,0,8,85.8,Good
S079,Elijah,Smith,9,94,98,74,87,95,88.8,0,9,89.6,Good
S080,Olivia,Smith,10,93,80,92,83,82,95.9,0,14,86.0,Good
S081,Henry,Davis,12,100,77,100,59,77,94.1,3,8,82.6,Good
S082,Michael,Clark,11,88,64,80,82,79,92.8,1,5,78.6,Average
S083,Amelia,Harris,9,100,77,66,87,83,95.4,1,10,82.6,Good
S084,Thomas,Lewis,12,89,83,100,93,85,87.4,4,19,90.0,Excellent
S085,Sophia,Phillips,12,84,71,94,100,85,96.3,2,11,86.8,Good
S086,Harper,Walker,12,81,82,80,100,81,92.9,3,20,84.8,Good
S087,Olivia,Lewis,12,100,98,83,97,87,96.2,1,14,93.0,Excellent
S088,Sophia,Hall,12,100,78,74,79,85,97.0,0,1,83.2,Good
S089,Emma,Johnson,9,91,76,99,82,79,100.0,4,11,85.4,Good
S090,Avery,Phillips,9,96,74,80,92,77,95.5,1,7,83.8,Good
S091,Ava,Green,11,72,74,71,90,91,100.0,0,10,79.6,Average
S092,Aria,Scott,12,70,90,87,100,90,93.4,1,7,87.4,Good
S093,Isabella,Chen,10,97,85,76,100,86,93.6,0,8,88.8,Good
S094,Sophia,Nelson,11,84,95,75,100,94,94.5,1,16,89.6,Good
S095,Aria,King,11,92,100,81,100,65,98.9,3,6,87.6,Good
S096,Elijah,Perez,10,78,67,86,90,79,98.2,4,14,80.0,Good
S097,Harper,Davis,11,100,89,71,98,73,95.7,4,1,86.2,Good
S098,Luna,Phillips,12,70,74,99,100,100,88.9,0,4,88.6,Good
S099,Charlotte,Perez,11,71,93,92,84,92,98.1,1,14,86.4,Good
S100,Emma,Clark,11,99,82,81,80,84,90.7,0,11,85.2,Good
S101,Isabella,Perez,10,59,85,76,77,93,90.4,3,13,78.0,Average
S102,Avery,Campbell,11,89,72,84,76,96,89.3,1,6,83.4,Good
S103,Sophia,Johnson,10,84,81,94,71,96,94.6,2,10,85.2,Good
S104,Amelia,Green,10,78,86,92,87,94,100.0,2,12,87.4,Good
S105,Mia,Taylor,11,83,99,96,75,82,90.2,1,11,87.0,Good
S106,Henry,Wilson,9,77,77,80,77,80,100.0,1,9,78.2,Average
S107,Olivia,Martinez,9,100,79,56,92,75,99.5,5,18,80.4,Good
S108,Amelia,Perez,11,100,94,97,87,90,87.7,5,12,93.6,Excellent
S109,Noah,Baker,10,78,76,83,89,83,93.1,0,15,81.8,Good
S110,Mila,Scott,10,88,96,92,99,81,89.8,1,12,91.2,Excellent
S111,Logan,Walker,11,72,85,100,94,80,98.3,5,12,86.2,Good
S112,Avery,Harris,11,96,88,100,100,100,90.1,0,4,96.8,Excellent
S113,Olivia,Phillips,9,95,89,79,86,95,86.9,1,8,88.8,Good
S114,Liam,Carter,12,82,79,86,100,100,93.4,0,14,89.4,Good
S115,Mia,Martinez,10,85,89,99,89,90,100.0,1,6,90.4,Excellent
S116,Daniel,Mitchell,11,84,77,77,87,86,94.0,0,5,82.2,Good
S117,Harper,Baker,11,69,80,79,100,85,97.0,1,7,82.6,Good
S118,Henry,Phillips,12,100,91,79,76,75,97.2,0,6,84.2,Good
S119,Liam,Mitchell,12,77,88,85,100,72,87.4,1,16,84.4,Good
S120,Ella,Martinez,11,77,84,83,82,90,90.5,5,14,83.2,Good
S121,Luna,Clark,12,83,72,79,73,76,95.0,3,9,76.6,Average
S122,Logan,Lee,9,95,75,75,92,87,92.2,3,3,84.8,Good
S123,Mila,Taylor,9,79,88,93,81,96,100.0,2,12,87.4,Good
S124,Mila,Carter,11,65,92,98,100,78,88.9,0,11,86.6,Good
S125,Mila,Chen,10,76,74,100,81,100,90.5,0,19,86.2,Good
S126,Daniel,King,12,89,77,80,88,75,96.5,4,10,81.8,Good
S127,Lucas,Chen,9,100,86,94,71,95,91.9,1,7,89.2,Good
S128,Elijah,Allen,11,72,86,87,93,89,80.5,0,10,85.4,Good
S129,Henry,Martinez,10,72,69,79,77,97,100.0,2,20,78.8,Average
S130,Daniel,Scott,10,70,87,92,92,74,89.6,0,12,83.0,Good
S131,John,King,11,69,79,79,81,100,97.8,0,12,81.6,Good
S132,Logan,Wilson,11,97,100,81,65,83,88.7,5,6,85.2,Good
S133,James,Carter,11,100,87,71,86,92,90.7,3,13,87.2,Good
S134,Lucas,Nelson,10,87,89,80,86,99,86.9,1,13,88.2,Good
S135,Ella,Campbell,10,80,89,88,94,79,91.3,5,7,86.0,Good
S136,John,Lee,12,100,73,100,100,93,91.8,2,9,93.2,Excellent
S137,Charlotte,Lewis,9,87,100,81,100,77,94.3,2,7,89.0,Good
S138,Olivia,King,11,96,69,75,94,99,93.1,0,6,86.6,Good
S139,Ella,Nelson,11,80,93,100,88,77,87.8,0,1,87.6,Good
S140,Alexander,Walker,11,85,91,80,71,85,92.4,2,7,82.4,Good
S141,Ethan,Nelson,11,73,80,68,87,88,100.0,3,10,79.2,Average
S142,Thomas,Mitchell,12,91,92,86,87,93,100.0,2,0,89.8,Good
S143,Olivia,Chen,12,87,82,82,83,100,97.3,0,7,86.8,Good
S144,Michael,Taylor,10,76,78,100,91,80,98.3,0,14,85.0,Good
S145,Michael,Campbell,9,76,90,90,96,96,100.0,3,11,89.6,Good
S146,John,King,10,100,75,84,77,100,97.9,0,11,87.2,Good
S147,Mason,King,10,100,83,76,77,87,98.2,1,8,84.6,Good
S148,William,Campbell,11,83,79,88,84,79,87.2,0,12,82.6,Good
S149,Isabella,Adams,12,86,82,100,79,68,89.4,0,6,83.0,Good
S150,James,Allen,9,89,89,88,69,100,94.8,2,13,87.0,Good
S151,Luna,Mitchell,9,86,79,77,75,83,91.0,2,5,80.0,Good
S152,Lucas,Gonzalez,10,68,83,90,73,75,90.0,1,11,77.8,Average
S153,Mila,Walker,11,89,80,85,97,71,90.6,0,8,84.4,Good
S154,James,Roberts,11,64,99,89,100,75,87.9,3,13,85.4,Good
S155,Lucas,Green,9,78,88,81,74,94,91.0,0,10,83.0,Good
S156,Olivia,King,12,90,87,81,90,96,96.7,1,9,88.8,Good
S157,Charlotte,Martinez,12,91,92,81,94,92,100.0,5,5,90.0,Excellent
S158,Emma,Lewis,9,77,79,94,70,86,99.0,0,11,81.2,Good
S159,John,Phillips,11,80,94,81,87,73,98.2,4,19,83.0,Good
S160,Mia,Taylor,12,79,88,80,100,78,86.9,0,14,85.0,Good
S161,Noah,Green,10,84,69,76,92,74,95.6,1,3,79.0,Average
S162,Noah,Lewis,9,85,71,90,83,91,94.7,1,8,84.0,Good
S163,Avery,Taylor,9,92,79,88,79,74,96.5,5,16,82.4,Good
S164,Ella,Wilson,9,80,72,81,65,78,93.2,0,10,75.2,Average
S165,William,Turner,12,89,83,78,90,83,100.0,1,12,84.6,Good
S166,Michael,Hall,12,90,75,100,100,68,95.3,5,15,86.6,Good
S167,Charlotte,Adams,9,87,84,66,77,85,95.8,1,14,79.8,Average
S168,Olivia,Green,9,82,99,90,66,84,85.2,1,10,84.2,Good
S169,Aria,Perez,9,87,85,98,78,97,94.5,0,9,89.0,Good
S170,Mason,Young,9,93,82,51,94,77,100.0,2,7,79.4,Average
S171,Michael,Allen,12,93,89,93,81,72,97.8,0,12,85.6,Good
S172,John,Baker,10,100,78,83,77,81,84.2,0,7,83.8,Good
S173,Michael,Lee,10,75,93,88,85,74,92.8,1,6,83.0,Good
S174,William,Chen,9,81,90,82,87,85,100.0,1,8,85.0,Good
S175,Henry,Lewis,11,69,85,96,71,66,94.2,5,5,77.4,Average
S176,Amelia,Mitchell,10,94,87,89,83,79,96.6,4,12,86.4,Good
S177,Michael,Adams,11,82,100,86,80,76,100.0,2,11,84.8,Good
S178,John,Roberts,9,87,94,76,79,91,94.2,3,9,85.4,Good
S179,William,Baker,12,79,100,100,75,77,99.0,2,8,86.2,Good
S180,Luna,Martinez,11,82,90,85,94,68,97.1,0,15,83.8,Good
S181,Noah,Baker,9,97,70,100,79,83,98.1,2,1,85.8,Good
S182,Amelia,Nelson,10,92,82,100,65,88,96.9,0,13,85.4,Good
S183,James,Allen,12,84,68,67,88,82,92.3,1,15,77.8,Average
S184,Mason,Mitchell,12,93,90,78,92,79,92.8,3,9,86.4,Good
S185,Lucas,Wilson,10,93,92,75,77,78,90.7,1,10,83.0,Good
S186,Henry,Walker,10,81,76,85,79,86,86.8,3,17,81.4,Good
S187,Henry,Baker,12,70,78,87,79,76,100.0,0,6,78.0,Average
S188,Luna,Clark,11,76,86,87,82,82,95.1,2,10,82.6,Good
S189,Isabella,Perez,9,72,73,96,96,93,100.0,0,9,86.0,Good
S190,Mila,Wilson,12,97,72,100,84,72,100.0,2,6,85.0,Good
S191,Daniel,Hall,9,98,97,95,93,85,95.3,2,13,93.6,Excellent
S192,Ethan,Perez,11,100,86,79,75,67,88.4,1,14,81.4,Good
S193,James,Lee,9,65,79,77,81,87,94.0,0,13,77.8,Average
S194,Thomas,Chen,9,96,68,85,95,75,91.6,0,6,83.8,Good
S195,Evelyn,Nelson,10,100,94,89,77,95,85.1,0,4,91.0,Excellent
S196,Elijah,Phillips,12,96,78,83,95,70,92.5,2,11,84.4,Good
S197,Sophia,Harris,10,63,100,72,79,89,94.6,4,2,80.6,Good
S198,Avery,Harris,9,100,94,92,82,97,91.8,0,12,93.0,Excellent
S199,William,Scott,9,85,77,81,100,75,91.1,2,10,83.6,Good
S200,Noah,Young,11,83,78,81,81,76,88.6,3,12,79.8,Average
S201,James,Lewis,12,90,100,84,86,76,96.0,1,11,87.2,Good
S202,Daniel,Taylor,10,75,84,83,91,80,100.0,2,9,82.6,Good
S203,Henry,Clark,11,85,80,81,87,90,100.0,3,6,84.6,Good
S204,Alexander,Perez,12,100,85,72,88,79,98.3,0,7,84.8,Good
S205,Elijah,Lewis,11,91,80,84,84,74,98.4,0,10,82.6,Good
S206,Sophia,King,9,86,87,92,72,65,94.3,0,11,80.4,Good
S207,Daniel,Phillips,10,86,84,88,88,100,86.0,5,13,89.2,Good
S208,James,Brown,10,73,94,94,78,100,93.2,4,13,87.8,Good
S209,Mason,Wilson,10,84,81,78,93,91,90.2,2,19,85.4,Good
S210,Ethan,Hall,10,69,76,72,99,77,95.8,0,7,78.6,Average
S211,Aria,Walker,12,95,82,83,67,92,100.0,1,3,83.8,Good
S212,Mila,Davis,10,63,81,79,99,94,100.0,0,8,83.2,Good
S213,Emma,Clark,10,94,84,80,81,82,95.3,0,13,84.2,Good
S214,Isabella,Taylor,11,95,91,87,84,85,86.7,2,9,88.4,Good
S215,Daniel,Scott,10,98,91,80,76,97,95.3,5,13,88.4,Good
S216,Avery,Roberts,12,86,97,72,87,69,95.4,4,10,82.2,Good
S217,Logan,Perez,11,94,77,79,86,95,98.4,2,16,86.2,Good
S218,Liam,Johnson,10,83,89,88,96,82,94.9,0,18,87.6,Good
S219,Ava,Lee,11,73,92,92,78,74,95.3,0,3,81.8,Good
S220,Mila,Phillips,11,100,78,92,100,75,91.8,1,9,89.0,Good
S221,Mila,Lee,11,84,83,89,92,76,93.4,2,11,84.8,Good
S222,Charlotte,Brown,10,71,68,83,86,73,97.6,3,6,76.2,Average
S223,Charlotte,Green,10,80,94,89,83,100,85.0,1,8,89.2,Good
S224,Evelyn,Davis,12,81,83,85,82,90,93.4,1,12,84.2,Good
S225,Avery,Allen,9,90,93,86,83,96,98.4,0,6,89.6,Good
S226,Avery,Walker,10,100,87,76,87,91,100.0,0,11,88.2,Good
S227,Alexander,Smith,9,90,83,85,83,86,93.0,1,12,85.4,Good
S228,Luna,Gonzalez,12,87,69,89,79,86,100.0,0,4,82.0,Good
S229,Noah,Adams,10,100,71,88,87,81,100.0,1,9,85.4,Good
S230,Mila,King,12,95,59,72,77,82,93.1,3,7,77.0,Average
S231,Logan,Wilson,11,88,79,86,88,71,92.2,1,12,82.4,Good
S232,James,Mitchell,12,80,100,71,83,96,94.1,0,6,86.0,Good
S233,Avery,Walker,12,88,72,87,92,67,94.6,0,14,81.2,Good
S234,John,Martinez,12,84,59,78,95,74,100.0,1,9,78.0,Average
S235,John,Martinez,12,86,95,100,95,100,91.1,1,6,95.2,Excellent
S236,Logan,Brown,10,98,100,86,88,86,100.0,1,9,91.6,Excellent
S237,Mason,Turner,11,80,88,93,89,87,91.0,1,8,87.4,Good
S238,Avery,Green,10,90,88,100,82,91,88.7,1,9,90.2,Excellent
S239,Logan,Phillips,9,94,82,77,92,70,97.6,2,11,83.0,Good
S240,Evelyn,Lewis,11,78,67,89,93,71,100.0,1,10,79.6,Average
S241,Daniel,Gonzalez,11,77,70,73,69,81,95.9,3,5,74.0,Average
S242,Lucas,Wilson,10,83,82,88,89,76,97.2,1,3,83.6,Good
S243,Michael,Roberts,11,80,80,100,99,84,100.0,0,12,88.6,Good
S244,James,Clark,12,97,84,79,81,90,100.0,1,10,86.2,Good
S245,Ava,Perez,11,75,93,76,79,99,95.2,1,8,84.4,Good
S246,Olivia,Green,11,86,79,84,81,93,92.8,4,13,84.6,Good
S247,Mason,Wilson,12,100,93,100,70,75,100.0,2,8,87.6,Good
S248,Lucas,Campbell,12,89,79,93,86,81,99.1,4,13,85.6,Good
S249,Avery,Chen,11,91,95,76,85,79,97.1,4,7,85.2,Good
S250,William,Walker,12,97,86,100,87,75,93.4,2,3,89.0,Good
S251,John,Walker,12,80,81,68,89,73,94.6,1,17,78.2,Average
S252,Ethan,Scott,12,74,86,100,77,100,94.3,1,8,87.4,Good
S253,Isabella,Turner,9,87,82,94,88,85,93.4,5,13,87.2,Good
S254,Charlotte,Campbell,10,88,86,100,89,83,92.0,2,7,89.2,Good
S255,Ella,Perez,10,69,93,69,80,90,96.3,0,11,80.2,Good
S256,Henry,Adams,9,89,84,87,89,90,91.8,2,14,87.8,Good
S257,Mason,Turner,11,96,81,84,86,96,95.9,0,2,88.6,Good
S258,Aria,Davis,11,76,74,75,79,78,84.5,1,14,76.4,Average
S259,Ella,Phillips,12,89,91,72,88,89,92.0,0,10,85.8,Good
S260,Lucas,Taylor,9,94,88,90,82,76,100.0,2,11,86.0,Good
S261,Evelyn,Wilson,12,91,73,91,92,83,90.5,3,10,86.0,Good
S262,Thomas,Smith,11,92,93,98,83,86,98.0,0,14,90.4,Excellent
S263,Avery,Chen,11,83,73,80,72,87,90.9,0,2,79.0,Average
S264,Thomas,Walker,12,74,95,84,88,86,98.9,0,7,85.4,Good
S265,Luna,Turner,11,81,92,71,87,93,93.5,2,14,84.8,Good
S266,Evelyn,Campbell,10,79,89,100,74,79,93.3,1,13,84.2,Good
S267,Charlotte,Mitchell,12,84,81,86,93,87,95.3,0,0,86.2,Good
S268,Avery,Turner,10,96,91,92,92,77,88.3,0,10,89.6,Good
S269,James,King,9,72,96,93,76,100,99.9,1,10,87.4,Good
S270,Emma,Mitchell,12,86,91,100,78,76,100.0,0,8,86.2,Good
S271,Michael,Carter,10,74,78,77,84,78,93.2,2,7,78.2,Average
S272,Thomas,Smith,12,78,88,92,77,94,97.6,0,12,85.8,Good
S273,William,Brown,10,91,96,85,91,81,98.9,2,6,88.8,Good
S274,Thomas,Baker,12,73,100,100,86,94,94.5,0,13,90.6,Excellent
S275,Ella,Brown,9,92,83,77,74,87,89.5,1,13,82.6,Good
S276,Thomas,Perez,12,71,94,97,77,81,100.0,0,8,84.0,Good
S277,Mason,Lewis,12,92,96,89,97,77,93.0,2,7,90.2,Excellent
S278,Thomas,Walker,9,70,77,88,100,77,92.0,4,7,82.4,Good
S279,Emma,Walker,11,79,100,86,90,81,100.0,4,9,87.2,Good
S280,Emma,Phillips,12,100,74,98,83,83,98.1,1,12,87.6,Good
S281,Mila,Young,10,100,93,88,81,77,96.3,1,8,87.8,Good
S282,Aria,Baker,9,81,88,70,90,84,90.1,3,11,82.6,Good
S283,Noah,Allen,10,89,86,97,86,74,99.0,2,8,86.4,Good
S284,William,Gonzalez,11,97,100,95,69,93,100.0,0,7,90.8,Excellent
S285,John,Baker,11,92,82,91,95,94,99.4,3,1,90.8,Excellent
S286,John,Harris,11,82,82,74,98,78,97.5,1,0,82.8,Good
S287,Ethan,Turner,10,78,98,75,92,77,98.6,0,6,84.0,Good
S288,Avery,Lee,9,94,93,66,74,87,93.4,0,8,82.8,Good
S289,Emma,Martinez,11,96,98,90,79,98,93.3,0,14,92.2,Excellent
S290,Liam,Chen,10,100,86,72,66,100,93.2,1,13,84.8,Good
S291,Charlotte,Green,9,68,88,68,100,71,92.1,0,7,79.0,Average
S292,Luna,Adams,12,72,100,98,81,95,93.2,0,6,89.2,Good
S293,Ava,Mitchell,11,97,77,93,100,84,93.2,0,6,90.2,Excellent
S294,Noah,Scott,11,69,84,82,100,85,93.8,1,7,84.0,Good
S295,Sophia,Young,12,97,93,84,76,90,93.6,2,9,88.0,Good
S296,Noah,Taylor,11,83,83,61,78,80,96.2,1,9,77.0,Average
S297,Alexander,King,12,80,79,94,90,96,95.4,0,6,87.8,Good
S298,Ella,Hall,10,87,91,78,67,99,95.8,0,5,84.4,Good
S299,Mason,Young,9,72,98,88,81,100,100.0,4,0,87.8,Good
S300,Thomas,Smith,10,93,84,60,80,67,95.4,1,5,76.8,Average
S301,Ava,Baker,10,100,83,95,100,83,100.0,1,12,92.2,Excellent
S302,Ella,Gonzalez,11,94,79,77,87,66,96.8,0,6,80.6,Good
S303,William,Gonzalez,9,83,82,71,82,77,92.8,2,9,79.0,Average
S304,Evelyn,Chen,9,70,96,82,79,61,100.0,1,11,77.6,Average
S305,Emma,Allen,10,70,86,79,94,90,94.6,0,14,83.8,Good
S306,Ava,Nelson,10,72,77,96,80,87,83.0,0,14,82.4,Good
S307,Aria,Mitchell,11,85,88,81,84,81,95.0,1,13,83.8,Good
S308,Alexander,Harris,10,86,96,99,79,77,93.8,3,1,87.4,Good
S309,Mia,Lewis,11,94,79,88,70,88,100.0,3,10,83.8,Good
S310,Mia,Clark,10,67,72,94,75,75,90.5,2,13,76.6,Average
S311,John,Allen,11,98,100,85,80,74,93.3,2,0,87.4,Good
S312,Lucas,Davis,12,92,71,98,82,73,100.0,0,10,83.2,Good
S313,Mila,Brown,10,82,81,73,83,83,97.0,1,14,80.4,Good
S314,Mason,Lewis,12,73,87,86,84,79,94.1,2,9,81.8,Good
S315,Ava,Carter,10,97,82,81,80,81,91.2,0,0,84.2,Good
S316,Mia,Turner,10,82,84,99,98,90,96.8,3,0,90.6,Excellent
S317,Elijah,Baker,12,85,91,100,94,95,94.9,0,8,93.0,Excellent
S318,Michael,Davis,9,89,61,85,84,100,91.2,1,5,83.8,Good
S319,Evelyn,Perez,9,76,72,72,88,86,91.4,2,12,78.8,Average
S320,Mila,Turner,12,82,85,89,81,88,90.9,2,12,85.0,Good
S321,Mason,Martinez,9,94,81,68,57,87,90.0,2,5,77.4,Average
S322,Sophia,Perez,12,93,86,100,85,68,99.7,0,14,86.4,Good
S323,Ethan,Davis,10,93,87,80,88,81,99.0,3,9,85.8,Good
S324,Luna,Perez,12,73,64,85,69,81,99.7,1,5,74.4,Average
S325,Michael,Turner,11,83,98,78,90,80,95.0,1,13,85.8,Good
S326,Ethan,Scott,11,81,80,76,82,85,93.8,5,13,80.8,Good
S327,Evelyn,Turner,12,89,76,92,88,83,93.9,2,11,85.6,Good
S328,James,Turner,10,88,87,83,82,75,100.0,0,14,83.0,Good
S329,Evelyn,Lee,12,87,86,85,98,83,85.9,2,12,87.8,Good
S330,Lucas,Taylor,9,100,97,75,87,79,92.4,0,14,87.6,Good
S331,John,Martinez,10,82,88,94,95,59,90.6,0,9,83.6,Good
S332,Olivia,Roberts,10,81,97,95,96,71,100.0,1,13,88.0,Good
S333,James,Gonzalez,11,73,76,83,74,86,92.6,5,20,78.4,Average
S334,Harper,King,9,70,86,98,78,96,86.8,0,12,85.6,Good
S335,Olivia,Taylor,12,73,74,84,90,61,96.1,2,5,76.4,Average
S336,John,Smith,12,78,86,93,81,76,93.1,0,10,82.8,Good
S337,Alexander,Baker,12,98,84,69,83,89,92.2,2,11,84.6,Good
S338,Mila,Adams,9,85,83,89,98,94,91.7,1,5,89.8,Good
S339,Logan,Walker,11,87,84,82,82,81,91.5,2,19,83.2,Good
S340,Logan,Turner,10,84,92,87,75,78,98.5,0,5,83.2,Good
S341,Harper,Allen,10,89,69,86,77,97,96.1,2,5,83.6,Good
S342,Noah,Phillips,10,99,76,86,100,93,94.0,5,16,90.8,Excellent
S343,Avery,Walker,10,65,85,91,83,94,89.5,2,9,83.6,Good
S344,Isabella,Hall,11,97,73,79,71,80,94.2,1,3,80.0,Good
S345,Michael,Chen,11,60,85,91,67,96,96.3,4,11,79.8,Average
S346,James,Phillips,10,85,84,97,79,66,96.5,0,11,82.2,Good
S347,Mila,Brown,9,100,71,71,83,96,95.8,2,3,84.2,Good
S348,Mia,Scott,9,92,70,77,94,84,90.4,3,19,83.4,Good
S349,Luna,Green,9,89,59,78,94,86,83.0,0,10,81.2,Good
S350,Mia,Lee,12,100,73,74,85,76,100.0,1,10,81.6,Good
S351,Logan,Young,9,78,85,80,80,67,88.5,0,10,78.0,Average
S352,Evelyn,Mitchell,9,89,87,95,88,86,85.2,1,11,89.0,Good
S353,Mila,Johnson,10,91,87,99,68,91,95.7,2,7,87.2,Good
S354,Thomas,Clark,12,80,77,86,100,92,86.5,1,7,87.0,Good
S355,Emma,Carter,12,81,85,82,92,91,91.0,1,10,86.2,Good
S356,John,Campbell,12,80,89,93,94,89,97.7,0,13,89.0,Good
S357,Mia,Scott,11,86,72,61,74,76,100.0,1,2,73.8,Average
S358,Avery,Roberts,11,90,86,74,98,93,96.9,0,11,88.2,Good
S359,Charlotte,Walker,9,86,92,62,80,75,92.8,3,13,79.0,Average
S360,William,Lee,12,92,80,74,75,96,94.7,0,5,83.4,Good
S361,William,Nelson,12,65,96,77,85,84,86.0,3,0,81.4,Good
S362,Mason,Carter,11,83,80,100,84,84,92.7,1,7,86.2,Good
S363,Noah,Smith,12,75,76,57,74,94,92.8,1,11,75.2,Average
S364,Lucas,Gonzalez,11,88,91,81,76,95,95.8,2,5,86.2,Good
S365,Lucas,Smith,11,88,100,91,75,93,100.0,1,9,89.4,Good
S366,Michael,Scott,12,84,86,89,75,77,85.3,1,10,82.2,Good
S367,Ethan,Young,12,90,91,100,81,93,93.0,0,11,91.0,Excellent
S368,Mia,King,11,95,80,87,71,77,85.8,1,7,82.0,Good
S369,Mia,Harris,11,84,73,89,78,93,92.5,0,8,83.4,Good
S370,Michael,Baker,9,74,87,67,95,71,90.7,0,13,78.8,Average
S371,Evelyn,Perez,11,69,88,75,93,84,87.5,1,17,81.8,Good
S372,Ella,Mitchell,9,85,81,67,75,77,99.6,0,14,77.0,Average
S373,Aria,Gonzalez,11,87,91,91,95,94,96.3,0,10,91.6,Excellent
S374,Ella,Roberts,12,75,78,88,65,96,99.0,0,8,80.4,Good
S375,John,Roberts,11,92,76,88,100,87,92.3,0,7,88.6,Good
S376,Ella,King,10,80,96,76,98,87,94.6,0,5,87.4,Good
S377,Evelyn,Walker,10,68,96,75,79,92,100.0,5,5,82.0,Good
S378,Alexander,Smith,9,98,79,87,89,96,95.0,0,12,89.8,Good
S379,Thomas,Johnson,11,96,100,78,71,85,99.0,2,6,86.0,Good
S380,Olivia,Taylor,9,65,82,75,86,80,91.9,0,6,77.6,Average
S381,Sophia,Chen,9,79,86,80,83,91,98.6,4,20,83.8,Good
S382,Ava,Smith,10,79,84,78,77,66,92.3,0,6,76.8,Average
S383,Olivia,Baker,12,100,90,76,80,94,85.5,5,5,88.0,Good
S384,Evelyn,Allen,11,84,88,73,79,78,95.0,2,4,80.4,Good
S385,Avery,Nelson,9,70,88,89,74,83,92.6,0,10,80.8,Good
S386,Michael,Brown,10,94,75,100,76,94,86.9,3,11,87.8,Good
S387,Mia,Turner,11,73,68,85,71,81,96.0,1,8,75.6,Average
S388,Avery,King,11,82,96,87,94,91,90.5,0,10,90.0,Excellent
S389,Logan,Lee,11,77,80,90,76,96,100.0,2,13,83.8,Good
S390,Michael,Lee,10,79,85,89,73,86,87.7,4,13,82.4,Good
S391,Logan,Brown,11,94,88,77,93,88,88.9,1,18,88.0,Good
S392,Elijah,Chen,10,100,100,100,89,84,99.3,1,14,94.6,Excellent
S393,Harper,Baker,12,72,87,77,93,86,94.3,2,10,83.0,Good
S394,Amelia,Nelson,11,91,81,91,94,74,99.2,2,5,86.2,Good
S395,Harper,Lee,10,78,80,90,100,82,96.9,3,4,86.0,Good
S396,Emma,Baker,10,78,85,65,83,72,92.1,2,2,76.6,Average
S397,Aria,Lee,11,90,76,81,70,76,88.1,0,12,78.6,Average
S398,Michael,Clark,12,75,85,86,88,65,100.0,4,13,79.8,Average
S399,Mia,Clark,11,90,84,86,78,88,88.6,0,10,85.2,Good
S400,Elijah,Green,11,92,100,88,75,100,97.8,0,2,91.0,Excellent
S401,Lucas,King,11,81,84,93,86,80,99.6,1,10,84.8,Good
S402,Sophia,Baker,11,98,66,85,94,95,94.4,1,17,87.6,Good
S403,John,Hall,10,72,100,89,77,96,93.5,0,11,86.8,Good
S404,Sophia,Taylor,12,98,95,85,98,73,90.1,2,13,89.8,Good
S405,John,Hall,10,66,100,75,75,75,97.3,1,13,78.2,Average
S406,Amelia,Smith,10,100,73,85,83,95,79.8,1,17,87.2,Good
S407,Liam,Green,12,81,83,92,89,84,98.6,3,13,85.8,Good
S408,Mia,Walker,9,73,92,96,81,72,95.6,1,13,82.8,Good
S409,Evelyn,Walker,9,83,90,90,67,79,93.9,0,6,81.8,Good
S410,Ella,Martinez,10,75,88,98,94,89,96.2,0,2,88.8,Good
S411,Olivia,Campbell,12,89,63,89,79,77,88.1,5,10,79.4,Average
S412,James,Smith,9,99,68,94,92,57,82.9,0,5,82.0,Good
S413,Michael,King,9,75,100,94,72,82,97.3,1,19,84.6,Good
S414,Thomas,Davis,9,91,100,83,74,83,100.0,1,7,86.2,Good
S415,John,Johnson,9,70,84,92,94,85,86.3,1,14,85.0,Good
S416,Mia,Turner,9,95,99,76,88,98,89.7,0,8,91.2,Excellent
S417,Charlotte,Davis,10,89,75,88,81,86,98.8,1,7,83.8,Good
S418,Mason,Wilson,11,96,77,91,89,87,96.8,1,17,88.0,Good
S419,Ethan,Perez,10,84,74,96,75,96,100.0,5,8,85.0,Good
S420,Aria,Perez,10,81,77,93,86,85,100.0,0,8,84.4,Good
S421,Noah,Johnson,9,93,92,96,86,100,99.2,1,5,93.4,Excellent
S422,Aria,Gonzalez,10,72,76,84,81,72,91.2,1,12,77.0,Average
S423,Amelia,Gonzalez,11,68,100,82,77,76,97.6,1,7,80.6,Good
S424,Avery,Chen,11,85,90,82,86,91,100.0,2,11,86.8,Good
S425,Ava,Roberts,9,81,96,88,84,98,94.2,0,11,89.4,Good
S426,Ava,Scott,10,91,90,67,80,83,94.4,0,12,82.2,Good
S427,Daniel,Lewis,10,96,97,98,75,75,95.7,2,13,88.2,Good
S428,Ethan,Smith,12,90,76,85,85,100,91.7,1,10,87.2,Good
S429,Aria,Gonzalez,11,95,99,81,80,77,96.3,1,7,86.4,Good
S430,Olivia,Lewis,11,88,86,60,75,88,96.2,0,14,79.4,Average
S431,Mason,Lee,10,90,97,85,85,98,100.0,0,7,91.0,Excellent
S432,Mason,Campbell,12,84,71,83,100,81,94.1,0,10,83.8,Good
S433,Emma,Campbell,9,90,87,76,81,79,98.4,0,8,82.6,Good
S434,Liam,Roberts,9,87,86,78,100,79,94.2,1,14,86.0,Good
S435,Avery,Mitchell,10,88,79,85,100,94,98.2,3,9,89.2,Good
S436,John,King,9,83,88,79,75,96,93.7,0,8,84.2,Good
S437,Mila,Allen,12,93,100,91,85,85,97.9,1,12,90.8,Excellent
S438,Henry,Young,12,78,78,78,100,100,98.6,0,11,86.8,Good
S439,John,Nelson,10,85,95,87,84,85,89.7,1,5,87.2,Good
S440,William,Young,11,98,74,97,85,98,100.0,0,10,90.4,Excellent
S441,Mila,Lee,12,76,100,85,68,81,94.2,4,12,82.0,Good
S442,Elijah,Baker,12,63,93,89,80,100,92.7,2,20,85.0,Good
S443,Mia,Hall,11,89,100,88,91,100,91.4,5,11,93.6,Excellent
S444,Ethan,Johnson,12,82,92,85,100,84,96.5,3,8,88.6,Good
S445,Sophia,Harris,12,95,89,84,83,99,95.0,1,6,90.0,Excellent
S446,Michael,Green,11,84,93,79,68,99,96.9,1,14,84.6,Good
S447,Thomas,Wilson,9,79,84,87,71,100,97.0,0,13,84.2,Good
S448,Thomas,Brown,10,84,69,82,85,60,98.0,1,6,76.0,Average
S449,Charlotte,Turner,12,96,89,100,97,92,100.0,4,6,94.8,Excellent
S450,Mila,Johnson,9,91,77,93,91,90,95.2,0,12,88.4,Good
S451,Avery,Brown,12,61,74,70,90,90,91.3,3,7,77.0,Average
S452,Elijah,Scott,9,87,91,71,98,87,84.9,1,7,86.8,Good
S453,Amelia,Johnson,9,87,82,84,78,87,89.0,3,5,83.6,Good
S454,Liam,Scott,10,85,95,81,85,98,100.0,4,7,88.8,Good
S455,Ava,Campbell,9,79,77,83,80,90,98.6,2,9,81.8,Good
S456,Michael,Young,12,97,80,92,82,87,88.3,2,12,87.6,Good
S457,Mila,Roberts,12,97,97,88,75,96,100.0,1,7,90.6,Excellent
S458,Lucas,Green,12,63,88,88,82,89,96.6,3,7,82.0,Good
S459,William,Johnson,11,77,70,99,85,90,97.3,5,7,84.2,Good
S460,Ella,Adams,9,84,88,71,81,100,100.0,2,9,84.8,Good
S461,Elijah,Mitchell,11,94,100,86,83,81,100.0,2,6,88.8,Good
S462,Thomas,Brown,11,85,80,79,89,70,98.9,2,9,80.6,Good
S463,Amelia,Smith,11,78,91,99,97,86,99.1,3,12,90.2,Excellent
S464,Liam,Carter,10,92,77,63,98,87,99.6,1,1,83.4,Good
S465,Michael,Young,11,83,84,63,93,92,93.8,3,0,83.0,Good
S466,Mila,Turner,10,84,96,88,72,86,96.4,1,3,85.2,Good
S467,John,Campbell,12,85,87,96,81,93,97.9,0,10,88.4,Good
S468,Evelyn,Nelson,12,91,98,93,82,100,94.4,1,14,92.8,Excellent
S469,Elijah,Clark,10,82,89,77,78,93,90.2,1,0,83.8,Good
S470,Liam,Green,11,92,100,100,88,95,93.7,0,17,95.0,Excellent
S471,Noah,King,11,84,69,73,69,84,90.1,0,5,75.8,Average
S472,John,Lee,9,74,83,98,100,71,95.3,1,14,85.2,Good
S473,Michael,Phillips,12,85,74,74,97,62,86.1,0,9,78.4,Average
S474,Harper,Martinez,12,75,75,81,90,80,96.7,1,11,80.2,Good
S475,Logan,Clark,10,85,75,91,84,59,86.8,2,10,78.8,Average
S476,Isabella,Carter,10,93,87,70,97,90,93.0,5,9,87.4,Good
S477,Aria,King,10,74,87,100,92,81,97.5,2,14,86.8,Good
S478,Luna,Clark,10,89,89,81,96,72,99.0,5,13,85.4,Good
S479,Michael,King,9,77,74,86,84,86,98.4,2,9,81.4,Good
S480,Olivia,Turner,12,87,82,97,100,78,96.6,0,5,88.8,Good
S481,Amelia,Adams,9,94,75,77,97,90,89.4,2,5,86.6,Good
S482,Ella,Carter,10,64,94,96,90,92,99.9,2,13,87.2,Good
S483,Harper,Lee,12,74,76,100,98,78,89.5,1,10,85.2,Good
S484,Henry,Johnson,11,81,83,78,81,83,100.0,0,9,81.2,Good
S485,Aria,Brown,10,88,91,99,73,87,98.1,2,12,87.6,Good
S486,Noah,Baker,10,83,79,67,88,71,100.0,0,14,77.6,Average
S487,Emma,Johnson,9,85,92,89,84,87,95.1,2,11,87.4,Good
S488,Mason,Walker,11,100,100,73,83,71,90.9,0,13,85.4,Good
S489,Isabella,Campbell,9,73,87,94,97,91,88.5,1,13,88.4,Good
S490,Emma,Harris,11,96,94,94,87,81,89.1,1,8,90.4,Excellent
S491,Luna,Harris,12,82,64,100,88,71,86.8,0,7,81.0,Good
S492,Thomas,Allen,9,90,81,99,82,79,99.7,1,13,86.2,Good
S493,Olivia,Harris,12,100,87,83,94,80,100.0,2,8,88.8,Good
S494,John,Green,12,92,74,74,92,96,97.8,3,15,85.6,Good
S495,Lucas,Young,9,89,87,91,94,87,94.8,3,3,89.6,Good
S496,Alexander,Mitchell,12,100,96,84,80,75,100.0,1,2,87.0,Good
S497,Aria,Nelson,11,96,66,100,98,100,94.5,2,16,92.0,Excellent
S498,Mia,Nelson,12,77,73,63,100,91,96.1,1,11,80.8,Good
S499,James,Allen,11,88,87,100,93,82,94.8,1,8,90.0,Excellent
S500,Elijah,Harris,11,68,90,90,77,69,93.3,0,13,78.8,Average
S501,Isabella,Gonzalez,11,80,92,77,77,81,98.2,1,12,81.4,Good
S502,Noah,Allen,12,88,86,92,81,83,91.8,1,10,86.0,Good
S503,Luna,Davis,11,79,90,98,79,89,91.5,0,4,87.0,Good
S504,Michael,Martinez,11,88,94,86,84,91,98.4,2,13,88.6,Good
S505,Harper,Davis,12,85,81,67,91,93,92.5,2,14,83.4,Good
S506,Logan,Martinez,9,90,79,82,88,69,95.7,1,5,81.6,Good
S507,Ella,Carter,9,81,83,95,87,87,93.3,0,14,86.6,Good
S508,Daniel,Mitchell,9,76,87,90,83,83,94.9,1,14,83.8,Good
S509,Mila,Chen,10,100,78,83,84,100,91.6,1,10,89.0,Good
S510,Luna,Chen,9,80,81,98,93,86,91.8,2,11,87.6,Good
S511,James,Roberts,12,92,89,92,65,79,90.9,1,8,83.4,Good
S512,Logan,Phillips,9,99,87,93,85,86,99.2,2,7,90.0,Excellent
S513,Sophia,Scott,11,87,83,81,88,85,95.9,3,12,84.8,Good
S514,Daniel,Phillips,9,76,68,80,93,65,99.6,0,14,76.4,Average
S515,Evelyn,Perez,12,83,85,68,75,89,100.0,5,11,80.0,Good
S516,John,Green,12,95,75,82,74,82,92.7,1,10,81.6,Good
S517,Olivia,Green,10,87,95,94,91,85,99.4,0,5,90.4,Excellent
S518,Amelia,Baker,12,73,82,83,66,76,94.9,1,2,76.0,Average
S519,Mia,Lee,9,91,75,89,98,74,94.2,0,9,85.4,Good
S520,Amelia,Scott,12,93,84,96,87,94,100.0,0,2,90.8,Excellent
S521,Charlotte,Turner,9,81,98,89,100,96,97.8,1,10,92.8,Excellent
S522,Ethan,Clark,12,91,91,90,74,89,93.2,2,8,87.0,Good
S523,Noah,Phillips,9,87,87,71,81,67,97.4,4,13,78.6,Average
S524,Henry,Gonzalez,11,83,72,82,61,90,88.7,2,7,77.6,Average
S525,Mila,Baker,12,72,100,100,77,67,96.2,0,11,83.2,Good
S526,Emma,Brown,10,96,79,86,83,78,87.5,2,10,84.4,Good
S527,Emma,Smith,9,93,94,100,65,94,90.1,2,0,89.2,Good
S528,Noah,Lee,9,91,82,78,81,92,97.9,3,3,84.8,Good
S529,Aria,Taylor,10,100,93,87,65,90,81.6,3,7,87.0,Good
S530,Ethan,Lewis,11,94,98,81,82,98,100.0,3,14,90.6,Excellent
S531,Logan,Perez,9,92,91,91,96,91,99.2,1,5,92.2,Excellent
S532,Luna,Hall,10,63,93,94,85,65,85.8,2,12,80.0,Good
S533,Avery,Johnson,9,97,84,91,100,81,100.0,0,19,90.6,Excellent
S534,Elijah,King,12,86,81,95,93,85,100.0,5,13,88.0,Good
S535,Aria,Hall,9,88,86,85,98,83,94.1,0,6,88.0,Good
S536,Luna,Perez,10,88,82,83,77,79,90.4,0,15,81.8,Good
S537,Luna,Walker,9,93,100,67,77,75,100.0,0,4,82.4,Good
S538,Aria,Roberts,10,96,75,91,88,100,93.3,2,9,90.0,Excellent
S539,Thomas,Taylor,12,91,95,87,69,81,95.8,1,14,84.6,Good
S540,Evelyn,Perez,10,90,90,84,90,100,100.0,1,11,90.8,Excellent
S541,Isabella,Mitchell,9,87,87,83,82,74,94.2,5,8,82.6,Good
S542,Ava,Young,12,51,100,85,98,92,93.8,4,7,85.2,Good
S543,Henry,Mitchell,12,82,88,83,92,87,88.6,1,8,86.4,Good
S544,Aria,Gonzalez,9,76,79,80,96,76,91.8,0,10,81.4,Good
S545,Alexander,Young,12,97,88,87,77,80,93.7,3,7,85.8,Good
S546,Mila,Carter,12,91,83,90,95,85,88.8,4,19,88.8,Good
S547,William,Campbell,9,80,90,77,99,77,89.3,1,17,84.6,Good
S548,John,Harris,12,81,93,81,85,82,95.2,2,14,84.4,Good
S549,Olivia,Allen,11,81,76,83,78,61,85.8,0,9,75.8,Average
S550,Liam,Phillips,10,81,97,85,78,92,90.6,3,12,86.6,Good
S551,Mila,King,9,71,82,84,97,97,100.0,2,15,86.2,Good
S552,Charlotte,Perez,9,68,89,92,100,90,93.3,1,14,87.8,Good
S553,Charlotte,Martinez,12,85,91,68,75,100,92.6,0,8,83.8,Good
S554,William,Smith,12,96,89,70,74,92,93.3,4,5,84.2,Good
S555,James,Davis,11,80,84,87,94,96,93.3,2,3,88.2,Good
S556,Sophia,King,10,88,80,79,77,97,97.9,0,10,84.2,Good
S557,Ava,Chen,11,92,82,94,95,57,97.5,2,11,84.0,Good
S558,Daniel,Phillips,11,75,100,97,90,89,93.0,2,14,90.2,Excellent
S559,Evelyn,Adams,10,85,76,87,85,71,93.9,1,7,80.8,Good
S560,Avery,Young,9,78,78,74,89,73,100.0,2,5,78.4,Average
S561,Henry,Young,12,100,77,96,89,75,87.4,1,8,87.4,Good
S562,Michael,Carter,10,100,86,87,83,82,94.7,4,8,87.6,Good
S563,Noah,Gonzalez,12,75,70,70,67,92,95.7,0,5,74.8,Average
S564,Olivia,Hall,10,89,71,71,87,89,91.1,0,12,81.4,Good
S565,Evelyn,Perez,9,96,82,100,100,85,94.4,0,10,92.6,Excellent
S566,Mia,Turner,9,93,72,99,69,92,90.4,2,12,85.0,Good
S567,Daniel,Nelson,10,86,73,60,75,93,98.2,2,8,77.4,Average
S568,Harper,Hall,12,98,72,71,89,89,88.3,3,7,83.8,Good
S569,Mila,Carter,9,76,77,96,85,68,100.0,2,9,80.4,Good
S570,Isabella,Johnson,12,82,92,85,89,78,94.6,1,14,85.2,Good
S571,Avery,Walker,11,76,95,92,78,85,92.8,5,2,85.2,Good
S572,Ethan,Perez,12,93,100,84,97,92,90.0,0,13,93.2,Excellent
S573,Thomas,Hall,10,79,100,92,85,72,100.0,3,8,85.6,Good
S574,Ella,Roberts,12,83,93,85,92,85,91.7,1,14,87.6,Good
S575,Ethan,Carter,12,91,95,81,88,69,89.2,2,13,84.8,Good
S576,Mila,Green,9,92,86,96,87,95,100.0,2,8,91.2,Excellent
S577,Luna,Wilson,9,76,90,87,91,87,90.5,2,12,86.2,Good
S578,Noah,Chen,12,96,100,92,87,72,94.5,0,5,89.4,Good
S579,Luna,Young,12,90,89,87,73,71,99.1,1,14,82.0,Good
S580,William,Nelson,9,74,97,80,96,89,95.8,1,8,87.2,Good
S581,Luna,Hall,11,72,76,100,93,99,100.0,3,9,88.0,Good
S582,Liam,Harris,12,85,78,89,64,74,90.8,1,12,78.0,Average
S583,Avery,Young,12,94,88,81,78,93,93.9,4,14,86.8,Good
S584,Noah,Turner,12,94,86,98,95,80,94.3,1,6,90.6,Excellent
S585,Lucas,Walker,12,89,79,72,67,93,98.1,1,12,80.0,Good
S586,Charlotte,Scott,10,85,100,100,94,92,100.0,2,8,94.2,Excellent
S587,Liam,Perez,10,90,87,83,84,87,95.4,1,8,86.2,Good
S588,John,Brown,10,76,81,72,98,67,94.3,5,12,78.8,Average
S589,Luna,Chen,11,100,87,100,85,92,87.6,2,8,92.8,Excellent
S590,Luna,Green,11,100,85,80,78,90,95.6,1,8,86.6,Good
S591,John,Young,9,89,87,87,88,89,91.7,0,14,88.0,Good
S592,Henry,Mitchell,12,87,69,92,85,87,98.1,1,5,84.0,Good
S593,Emma,Nelson,11,81,98,97,77,76,93.0,0,12,85.8,Good
S594,Avery,Lee,11,90,98,88,100,96,93.8,2,6,94.4,Excellent
S595,Aria,Turner,10,78,100,79,75,94,87.7,0,0,85.2,Good
S596,Mia,Clark,11,63,88,87,63,74,85.9,0,5,75.0,Average
S597,Logan,Wilson,9,58,92,81,100,98,100.0,0,11,85.8,Good
S598,Olivia,Mitchell,9,77,76,87,79,86,95.6,0,12,81.0,Good
S599,Daniel,King,9,87,93,100,82,86,97.0,1,1,89.6,Good
S600,Liam,Wilson,9,88,88,93,81,83,90.4,3,1,86.6,Good
